{
	"format_version": "1.16.0",
	"minecraft:geometry": [
		{
			"description": {
				"identifier": "geometry.firefly_mob_head_roof",
				"texture_width": 32,
				"texture_height": 32,
				"visible_bounds_width": 3,
				"visible_bounds_height": 3.5,
				"visible_bounds_offset": [
					0,
					1.25,
					0
				]
			},
			"bones": [
				{
					"name": "firefly_mask",
					"pivot": [
						0,
						4,
						0
					],
					"binding": "'head'",
					"cubes": [
						{
							"origin": [
								-4,
								8,
								-4
							],
							"size": [
								8,
								8,
								8
							],
							"uv": [
								0,
								0
							]
						}
					]
				}
			]
		}
	]
}