{
	"format_version": "1.16.0",
	"minecraft:geometry": [
		{
			"description": {
				"identifier": "geometry.firefly_mob_head2",
				"texture_width": 32,
				"texture_height": 32,
				"visible_bounds_width": 2,
				"visible_bounds_height": 4.5,
				"visible_bounds_offset": [
					0,
					1.75,
					0
				]
			},
			"bones": [
				{
					"name": "firefly_mask",
					"pivot": [
						0,
						24.5,
						0
					],
					"binding": "'head'",
					"cubes": [
						{
							"origin": [
								-4,
								24.5,
								-4
							],
							"size": [
								8,
								8,
								8
							],
							"inflate": 0.5,
							"uv": [
								0,
								0
							]
						}
					]
				},
				{
					"name": "ant1",
					"parent": "firefly_mask",
					"pivot": [
						-0.6,
						0.2,
						-0.5
					],
					"cubes": [
						{
							"origin": [
								0.2,
								33.975,
								-10.5
							],
							"size": [
								1,
								2,
								3
							],
							"uv": [
								0,
								0
							]
						},
						{
							"origin": [
								0.2,
								31.975,
								-7.5
							],
							"size": [
								1,
								2,
								3
							],
							"uv": [
								0,
								0
							]
						}
					]
				},
				{
					"name": "ant2",
					"parent": "firefly_mask",
					"pivot": [
						-2.925,
						0.2,
						-0.5
					],
					"cubes": [
						{
							"origin": [
								-2.125,
								33.975,
								-10.5
							],
							"size": [
								1,
								2,
								3
							],
							"uv": [
								0,
								0
							]
						},
						{
							"origin": [
								-2.125,
								31.975,
								-7.5
							],
							"size": [
								1,
								2,
								3
							],
							"uv": [
								0,
								0
							]
						}
					]
				}
			]
		}
	]
}